datetime,regi√£o,estado,cidade,latitude,longitude,precipitacao_total_hr,temperatura_maxima,temperatura_minima,umidade_rel_max,umidade_rel_min
2013-01-01 00:00:00,CO,DF,BRASILIA,"-15,78944444","-47,92583332",0.0,25.0,24.1,54.0,50.0
2013-01-01 01:00:00,CO,DF,BRASILIA,"-15,78944444","-47,92583332",0.0,24.2,23.4,58.0,54.0
2013-01-01 02:00:00,CO,DF,BRASILIA,"-15,78944444","-47,92583332",0.0,23.5,23.2,59.0,56.0
2013-01-01 03:00:00,CO,DF,BRASILIA,"-15,78944444","-47,92583332",0.0,23.3,22.8,60.0,57.0
2013-01-01 04:00:00,CO,DF,BRASILIA,"-15,78944444","-47,92583332",0.0,22.9,22.2,62.0,59.0
2013-01-01 05:00:00,CO,DF,BRASILIA,"-15,78944444","-47,92583332",0.0,22.4,21.6,64.0,61.0
2013-01-01 06:00:00,CO,DF,BRASILIA,"-15,78944444","-47,92583332",0.0,21.9,21.4,65.0,62.0
2013-01-01 07:00:00,CO,DF,BRASILIA,"-15,78944444","-47,92583332",0.0,21.7,18.9,75.0,62.0
2013-01-01 08:00:00,CO,DF,BRASILIA,"-15,78944444","-47,92583332",0.0,21.9,20.7,66.0,61.0
2013-01-01 09:00:00,CO,DF,BRASILIA,"-15,78944444","-47,92583332",0.0,21.2,19.1,72.0,63.0
2013-01-01 10:00:00,CO,DF,BRASILIA,"-15,78944444","-47,92583332",0.0,22.5,18.1,80.0,61.0
2013-01-01 11:00:00,CO,DF,BRASILIA,"-15,78944444","-47,92583332",0.0,24.6,22.5,61.0,47.0
2013-01-01 12:00:00,CO,DF,BRASILIA,"-15,78944444","-47,92583332",0.0,24.9,23.9,54.0,46.0
2013-01-01 13:00:00,CO,DF,BRASILIA,"-15,78944444","-47,92583332",0.0,26.0,24.3,53.0,42.0
2013-01-01 14:00:00,CO,DF,BRASILIA,"-15,78944444","-47,92583332",0.0,27.3,25.1,48.0,38.0
2013-01-01 15:00:00,CO,DF,BRASILIA,"-15,78944444","-47,92583332",0.0,28.1,26.4,46.0,38.0
2013-01-01 16:00:00,CO,DF,BRASILIA,"-15,78944444","-47,92583332",0.0,28.3,26.9,45.0,38.0
2013-01-01 17:00:00,CO,DF,BRASILIA,"-15,78944444","-47,92583332",0.0,28.6,27.3,42.0,34.0
2013-01-01 18:00:00,CO,DF,BRASILIA,"-15,78944444","-47,92583332",0.0,29.3,27.6,40.0,34.0
2013-01-01 19:00:00,CO,DF,BRASILIA,"-15,78944444","-47,92583332",0.0,29.6,28.1,39.0,32.0
2013-01-01 20:00:00,CO,DF,BRASILIA,"-15,78944444","-47,92583332",0.0,29.4,28.2,36.0,31.0
2013-01-01 21:00:00,CO,DF,BRASILIA,"-15,78944444","-47,92583332",0.0,28.4,27.5,36.0,30.0
2013-01-01 22:00:00,CO,DF,BRASILIA,"-15,78944444","-47,92583332",0.0,27.6,26.1,42.0,34.0
2013-01-01 23:00:00,CO,DF,BRASILIA,"-15,78944444","-47,92583332",0.0,26.2,25.5,44.0,41.0
2013-01-02 00:00:00,CO,DF,BRASILIA,"-15,78944444","-47,92583332",0.0,25.6,21.2,65.0,41.0
2013-01-02 01:00:00,CO,DF,BRASILIA,"-15,78944444","-47,92583332",0.0,22.1,21.1,71.0,57.0
2013-01-02 02:00:00,CO,DF,BRASILIA,"-15,78944444","-47,92583332",0.0,22.7,20.4,73.0,58.0
2013-01-02 03:00:00,CO,DF,BRASILIA,"-15,78944444","-47,92583332",0.0,22.5,20.1,73.0,59.0
2013-01-02 04:00:00,CO,DF,BRASILIA,"-15,78944444","-47,92583332",0.0,21.6,19.6,73.0,62.0
2013-01-02 05:00:00,CO,DF,BRASILIA,"-15,78944444","-47,92583332",0.0,21.3,19.7,72.0,62.0
2013-01-02 06:00:00,CO,DF,BRASILIA,"-15,78944444","-47,92583332",0.0,21.7,18.6,78.0,59.0
2013-01-02 07:00:00,CO,DF,BRASILIA,"-15,78944444","-47,92583332",0.0,19.2,18.2,81.0,75.0
2013-01-02 08:00:00,CO,DF,BRASILIA,"-15,78944444","-47,92583332",0.0,19.3,18.4,80.0,74.0
2013-01-02 09:00:00,CO,DF,BRASILIA,"-15,78944444","-47,92583332",0.0,19.4,18.3,81.0,71.0
2013-01-02 10:00:00,CO,DF,BRASILIA,"-15,78944444","-47,92583332",0.0,21.1,18.4,79.0,64.0
2013-01-02 11:00:00,CO,DF,BRASILIA,"-15,78944444","-47,92583332",0.0,23.9,21.0,76.0,49.0
2013-01-02 12:00:00,CO,DF,BRASILIA,"-15,78944444","-47,92583332",0.0,25.3,23.8,54.0,44.0
2013-01-02 13:00:00,CO,DF,BRASILIA,"-15,78944444","-47,92583332",0.0,26.8,25.1,50.0,41.0
2013-01-02 14:00:00,CO,DF,BRASILIA,"-15,78944444","-47,92583332",0.0,27.7,26.5,46.0,34.0
2013-01-02 15:00:00,CO,DF,BRASILIA,"-15,78944444","-47,92583332",0.0,28.7,27.3,40.0,29.0
2013-01-02 16:00:00,CO,DF,BRASILIA,"-15,78944444","-47,92583332",0.0,29.7,27.8,37.0,27.0
2013-01-02 17:00:00,CO,DF,BRASILIA,"-15,78944444","-47,92583332",0.0,29.9,28.3,32.0,26.0
2013-01-02 18:00:00,CO,DF,BRASILIA,"-15,78944444","-47,92583332",0.0,30.0,28.3,34.0,27.0
2013-01-02 19:00:00,CO,DF,BRASILIA,"-15,78944444","-47,92583332",0.0,30.1,28.5,32.0,27.0
2013-01-02 20:00:00,CO,DF,BRASILIA,"-15,78944444","-47,92583332",0.0,29.6,29.0,30.0,27.0
2013-01-02 21:00:00,CO,DF,BRASILIA,"-15,78944444","-47,92583332",0.0,29.2,28.2,32.0,28.0
2013-01-02 22:00:00,CO,DF,BRASILIA,"-15,78944444","-47,92583332",0.0,28.2,26.8,35.0,29.0
2013-01-02 23:00:00,CO,DF,BRASILIA,"-15,78944444","-47,92583332",0.0,26.9,25.6,43.0,35.0
2013-01-03 00:00:00,CO,DF,BRASILIA,"-15,78944444","-47,92583332",0.0,25.7,24.9,47.0,43.0
2013-01-03 01:00:00,CO,DF,BRASILIA,"-15,78944444","-47,92583332",0.0,24.9,24.3,49.0,46.0
2013-01-03 02:00:00,CO,DF,BRASILIA,"-15,78944444","-47,92583332",0.0,24.5,23.9,50.0,49.0
2013-01-03 03:00:00,CO,DF,BRASILIA,"-15,78944444","-47,92583332",0.0,24.0,20.6,64.0,49.0
2013-01-03 04:00:00,CO,DF,BRASILIA,"-15,78944444","-47,92583332",0.0,22.9,18.9,73.0,53.0
2013-01-03 05:00:00,CO,DF,BRASILIA,"-15,78944444","-47,92583332",0.0,19.7,18.5,76.0,69.0
2013-01-03 06:00:00,CO,DF,BRASILIA,"-15,78944444","-47,92583332",0.0,19.6,18.4,75.0,69.0
2013-01-03 07:00:00,CO,DF,BRASILIA,"-15,78944444","-47,92583332",0.0,20.2,18.9,73.0,64.0
2013-01-03 08:00:00,CO,DF,BRASILIA,"-15,78944444","-47,92583332",0.0,20.2,18.6,70.0,62.0
2013-01-03 09:00:00,CO,DF,BRASILIA,"-15,78944444","-47,92583332",0.0,19.9,17.1,78.0,63.0
2013-01-03 10:00:00,CO,DF,BRASILIA,"-15,78944444","-47,92583332",0.0,21.8,17.1,79.0,60.0
2013-01-03 11:00:00,CO,DF,BRASILIA,"-15,78944444","-47,92583332",0.0,24.3,21.8,60.0,54.0
2013-01-03 12:00:00,CO,DF,BRASILIA,"-15,78944444","-47,92583332",0.0,25.4,23.3,59.0,49.0
2013-01-03 13:00:00,CO,DF,BRASILIA,"-15,78944444","-47,92583332",0.0,27.1,25.3,52.0,42.0
2013-01-03 14:00:00,CO,DF,BRASILIA,"-15,78944444","-47,92583332",0.0,27.8,26.1,47.0,38.0
2013-01-03 15:00:00,CO,DF,BRASILIA,"-15,78944444","-47,92583332",0.0,28.5,27.4,42.0,34.0
2013-01-03 16:00:00,CO,DF,BRASILIA,"-15,78944444","-47,92583332",0.0,29.1,27.1,45.0,35.0
2013-01-03 17:00:00,CO,DF,BRASILIA,"-15,78944444","-47,92583332",0.0,29.9,28.4,40.0,28.0
2013-01-03 18:00:00,CO,DF,BRASILIA,"-15,78944444","-47,92583332",0.0,30.4,29.2,33.0,22.0
2013-01-03 19:00:00,CO,DF,BRASILIA,"-15,78944444","-47,92583332",0.0,30.6,29.0,32.0,25.0
2013-01-03 20:00:00,CO,DF,BRASILIA,"-15,78944444","-47,92583332",0.0,30.0,29.0,32.0,27.0
2013-01-03 21:00:00,CO,DF,BRASILIA,"-15,78944444","-47,92583332",0.0,29.4,28.8,30.0,27.0
2013-01-03 22:00:00,CO,DF,BRASILIA,"-15,78944444","-47,92583332",0.0,28.8,26.5,47.0,28.0
2013-01-03 23:00:00,CO,DF,BRASILIA,"-15,78944444","-47,92583332",0.0,26.5,24.0,65.0,47.0
2013-01-04 00:00:00,CO,DF,BRASILIA,"-15,78944444","-47,92583332",0.0,24.1,23.1,69.0,65.0
2013-01-04 01:00:00,CO,DF,BRASILIA,"-15,78944444","-47,92583332",0.0,23.1,21.7,77.0,69.0
2013-01-04 02:00:00,CO,DF,BRASILIA,"-15,78944444","-47,92583332",0.0,21.8,21.1,78.0,74.0
2013-01-04 03:00:00,CO,DF,BRASILIA,"-15,78944444","-47,92583332",0.2,22.5,20.4,81.0,71.0
2013-01-04 04:00:00,CO,DF,BRASILIA,"-15,78944444","-47,92583332",0.0,21.1,20.4,77.0,73.0
2013-01-04 05:00:00,CO,DF,BRASILIA,"-15,78944444","-47,92583332",0.0,20.9,20.3,79.0,74.0
2013-01-04 06:00:00,CO,DF,BRASILIA,"-15,78944444","-47,92583332",0.0,20.3,18.8,86.0,79.0
2013-01-04 07:00:00,CO,DF,BRASILIA,"-15,78944444","-47,92583332",0.0,19.1,18.1,89.0,82.0
2013-01-04 08:00:00,CO,DF,BRASILIA,"-15,78944444","-47,92583332",0.0,18.6,17.8,91.0,86.0
2013-01-04 09:00:00,CO,DF,BRASILIA,"-15,78944444","-47,92583332",0.0,18.7,17.7,92.0,91.0
2013-01-04 10:00:00,CO,DF,BRASILIA,"-15,78944444","-47,92583332",0.0,20.9,18.7,92.0,77.0
2013-01-04 11:00:00,CO,DF,BRASILIA,"-15,78944444","-47,92583332",0.0,23.9,20.9,82.0,63.0
2013-01-04 12:00:00,CO,DF,BRASILIA,"-15,78944444","-47,92583332",0.0,25.3,23.5,68.0,56.0
2013-01-04 13:00:00,CO,DF,BRASILIA,"-15,78944444","-47,92583332",0.0,26.2,24.9,61.0,53.0
2013-01-04 14:00:00,CO,DF,BRASILIA,"-15,78944444","-47,92583332",0.0,27.4,25.5,57.0,49.0
2013-01-04 15:00:00,CO,DF,BRASILIA,"-15,78944444","-47,92583332",0.0,28.2,25.2,55.0,43.0
2013-01-04 16:00:00,CO,DF,BRASILIA,"-15,78944444","-47,92583332",0.0,28.6,26.4,50.0,40.0
2013-01-04 17:00:00,CO,DF,BRASILIA,"-15,78944444","-47,92583332",0.0,28.9,27.0,47.0,38.0
2013-01-04 18:00:00,CO,DF,BRASILIA,"-15,78944444","-47,92583332",0.0,29.0,27.1,44.0,37.0
2013-01-04 19:00:00,CO,DF,BRASILIA,"-15,78944444","-47,92583332",0.0,28.9,26.8,46.0,37.0
2013-01-04 20:00:00,CO,DF,BRASILIA,"-15,78944444","-47,92583332",0.0,27.5,26.5,49.0,41.0
2013-01-04 21:00:00,CO,DF,BRASILIA,"-15,78944444","-47,92583332",0.0,27.3,25.9,52.0,43.0
2013-01-04 22:00:00,CO,DF,BRASILIA,"-15,78944444","-47,92583332",0.0,25.9,24.7,55.0,51.0
2013-01-04 23:00:00,CO,DF,BRASILIA,"-15,78944444","-47,92583332",0.0,24.7,24.2,57.0,54.0
2013-01-05 00:00:00,CO,DF,BRASILIA,"-15,78944444","-47,92583332",0.0,24.4,23.9,58.0,55.0
2013-01-05 01:00:00,CO,DF,BRASILIA,"-15,78944444","-47,92583332",0.0,24.0,22.8,65.0,57.0
2013-01-05 02:00:00,CO,DF,BRASILIA,"-15,78944444","-47,92583332",0.2,23.0,21.3,84.0,63.0
2013-01-05 03:00:00,CO,DF,BRASILIA,"-15,78944444","-47,92583332",0.0,22.4,21.2,83.0,71.0
2013-01-05 04:00:00,CO,DF,BRASILIA,"-15,78944444","-47,92583332",0.0,21.3,20.5,81.0,75.0
2013-01-05 05:00:00,CO,DF,BRASILIA,"-15,78944444","-47,92583332",0.0,21.0,19.5,86.0,76.0
2013-01-05 06:00:00,CO,DF,BRASILIA,"-15,78944444","-47,92583332",0.0,19.6,19.3,90.0,86.0
2013-01-05 07:00:00,CO,DF,BRASILIA,"-15,78944444","-47,92583332",0.0,19.7,19.2,90.0,85.0
2013-01-05 08:00:00,CO,DF,BRASILIA,"-15,78944444","-47,92583332",0.0,19.6,19.0,90.0,86.0
2013-01-05 09:00:00,CO,DF,BRASILIA,"-15,78944444","-47,92583332",0.0,19.6,19.0,89.0,86.0
2013-01-05 10:00:00,CO,DF,BRASILIA,"-15,78944444","-47,92583332",0.0,21.2,19.5,87.0,79.0
2013-01-05 11:00:00,CO,DF,BRASILIA,"-15,78944444","-47,92583332",0.0,23.2,20.9,85.0,70.0
2013-01-05 12:00:00,CO,DF,BRASILIA,"-15,78944444","-47,92583332",0.0,24.7,23.1,71.0,63.0
2013-01-05 13:00:00,CO,DF,BRASILIA,"-15,78944444","-47,92583332",0.0,25.9,24.3,67.0,46.0
2013-01-05 14:00:00,CO,DF,BRASILIA,"-15,78944444","-47,92583332",0.0,26.7,25.4,56.0,46.0
2013-01-05 15:00:00,CO,DF,BRASILIA,"-15,78944444","-47,92583332",0.0,27.3,26.2,53.0,46.0
2013-01-05 16:00:00,CO,DF,BRASILIA,"-15,78944444","-47,92583332",0.0,28.2,26.5,53.0,36.0
2013-01-05 17:00:00,CO,DF,BRASILIA,"-15,78944444","-47,92583332",0.0,29.2,27.2,46.0,37.0
2013-01-05 18:00:00,CO,DF,BRASILIA,"-15,78944444","-47,92583332",0.0,29.0,27.4,45.0,38.0
2013-01-05 19:00:00,CO,DF,BRASILIA,"-15,78944444","-47,92583332",0.0,28.9,27.6,43.0,37.0
2013-01-05 20:00:00,CO,DF,BRASILIA,"-15,78944444","-47,92583332",0.0,28.9,27.4,42.0,36.0
2013-01-05 21:00:00,CO,DF,BRASILIA,"-15,78944444","-47,92583332",0.0,28.2,27.2,41.0,37.0
2013-01-05 22:00:00,CO,DF,BRASILIA,"-15,78944444","-47,92583332",0.0,27.4,26.4,42.0,39.0
2013-01-05 23:00:00,CO,DF,BRASILIA,"-15,78944444","-47,92583332",0.0,26.5,26.1,43.0,40.0
2013-01-06 00:00:00,CO,DF,BRASILIA,"-15,78944444","-47,92583332",0.0,26.8,25.0,51.0,38.0
2013-01-06 01:00:00,CO,DF,BRASILIA,"-15,78944444","-47,92583332",0.0,25.1,23.8,59.0,51.0
2013-01-06 02:00:00,CO,DF,BRASILIA,"-15,78944444","-47,92583332",0.0,24.9,22.8,66.0,53.0
2013-01-06 03:00:00,CO,DF,BRASILIA,"-15,78944444","-47,92583332",0.0,22.8,21.1,76.0,66.0
2013-01-06 04:00:00,CO,DF,BRASILIA,"-15,78944444","-47,92583332",0.0,21.1,20.2,80.0,76.0
2013-01-06 05:00:00,CO,DF,BRASILIA,"-15,78944444","-47,92583332",0.0,20.3,19.2,87.0,80.0
2013-01-06 06:00:00,CO,DF,BRASILIA,"-15,78944444","-47,92583332",0.0,19.9,19.1,87.0,83.0
2013-01-06 07:00:00,CO,DF,BRASILIA,"-15,78944444","-47,92583332",0.0,20.1,19.1,87.0,83.0
2013-01-06 08:00:00,CO,DF,BRASILIA,"-15,78944444","-47,92583332",0.0,19.9,18.9,89.0,84.0
2013-01-06 09:00:00,CO,DF,BRASILIA,"-15,78944444","-47,92583332",0.0,19.0,18.7,92.0,88.0
2013-01-06 10:00:00,CO,DF,BRASILIA,"-15,78944444","-47,92583332",0.0,20.8,18.8,92.0,85.0
2013-01-06 11:00:00,CO,DF,BRASILIA,"-15,78944444","-47,92583332",0.0,22.2,20.8,85.0,80.0
2013-01-06 12:00:00,CO,DF,BRASILIA,"-15,78944444","-47,92583332",0.0,24.9,22.2,80.0,65.0
2013-01-06 13:00:00,CO,DF,BRASILIA,"-15,78944444","-47,92583332",0.0,26.1,24.4,68.0,58.0
2013-01-06 14:00:00,CO,DF,BRASILIA,"-15,78944444","-47,92583332",0.0,27.6,25.3,60.0,42.0
2013-01-06 15:00:00,CO,DF,BRASILIA,"-15,78944444","-47,92583332",0.0,28.5,26.5,50.0,40.0
2013-01-06 16:00:00,CO,DF,BRASILIA,"-15,78944444","-47,92583332",0.0,29.0,27.4,48.0,35.0
2013-01-06 17:00:00,CO,DF,BRASILIA,"-15,78944444","-47,92583332",0.0,29.4,27.8,47.0,37.0
2013-01-06 18:00:00,CO,DF,BRASILIA,"-15,78944444","-47,92583332",0.0,29.5,27.9,45.0,38.0
2013-01-06 19:00:00,CO,DF,BRASILIA,"-15,78944444","-47,92583332",0.0,29.0,27.3,46.0,39.0
2013-01-06 20:00:00,CO,DF,BRASILIA,"-15,78944444","-47,92583332",0.0,28.4,24.8,64.0,44.0
2013-01-06 21:00:00,CO,DF,BRASILIA,"-15,78944444","-47,92583332",0.0,25.3,24.4,64.0,61.0
2013-01-06 22:00:00,CO,DF,BRASILIA,"-15,78944444","-47,92583332",0.0,25.1,24.5,65.0,61.0
2013-01-06 23:00:00,CO,DF,BRASILIA,"-15,78944444","-47,92583332",0.0,24.5,23.0,73.0,64.0
2013-01-07 00:00:00,CO,DF,BRASILIA,"-15,78944444","-47,92583332",0.0,23.0,22.1,78.0,73.0
2013-01-07 01:00:00,CO,DF,BRASILIA,"-15,78944444","-47,92583332",0.0,22.2,21.7,78.0,75.0
2013-01-07 02:00:00,CO,DF,BRASILIA,"-15,78944444","-47,92583332",0.0,21.8,21.1,79.0,77.0
2013-01-07 03:00:00,CO,DF,BRASILIA,"-15,78944444","-47,92583332",0.0,21.2,20.9,82.0,79.0
2013-01-07 04:00:00,CO,DF,BRASILIA,"-15,78944444","-47,92583332",0.0,21.4,20.2,82.0,79.0
2013-01-07 05:00:00,CO,DF,BRASILIA,"-15,78944444","-47,92583332",0.0,20.3,19.5,84.0,81.0
2013-01-07 06:00:00,CO,DF,BRASILIA,"-15,78944444","-47,92583332",0.0,19.9,19.3,89.0,84.0
2013-01-07 07:00:00,CO,DF,BRASILIA,"-15,78944444","-47,92583332",0.0,19.4,18.4,94.0,89.0
2013-01-07 08:00:00,CO,DF,BRASILIA,"-15,78944444","-47,92583332",0.0,19.0,18.5,94.0,93.0
2013-01-07 09:00:00,CO,DF,BRASILIA,"-15,78944444","-47,92583332",0.0,18.9,18.5,95.0,94.0
2013-01-07 10:00:00,CO,DF,BRASILIA,"-15,78944444","-47,92583332",0.0,20.2,18.9,94.0,88.0
2013-01-07 11:00:00,CO,DF,BRASILIA,"-15,78944444","-47,92583332",0.0,22.6,20.2,88.0,80.0
2013-01-07 12:00:00,CO,DF,BRASILIA,"-15,78944444","-47,92583332",0.0,25.3,22.3,81.0,61.0
2013-01-07 13:00:00,CO,DF,BRASILIA,"-15,78944444","-47,92583332",0.0,26.9,25.0,65.0,55.0
2013-01-07 14:00:00,CO,DF,BRASILIA,"-15,78944444","-47,92583332",0.0,27.8,25.9,59.0,44.0
2013-01-07 15:00:00,CO,DF,BRASILIA,"-15,78944444","-47,92583332",0.0,27.3,26.6,49.0,44.0
2013-01-07 16:00:00,CO,DF,BRASILIA,"-15,78944444","-47,92583332",0.0,28.9,26.6,50.0,41.0
2013-01-07 17:00:00,CO,DF,BRASILIA,"-15,78944444","-47,92583332",0.0,28.5,26.9,51.0,43.0
2013-01-07 18:00:00,CO,DF,BRASILIA,"-15,78944444","-47,92583332",0.0,29.3,27.0,48.0,40.0
2013-01-07 19:00:00,CO,DF,BRASILIA,"-15,78944444","-47,92583332",0.0,28.6,26.2,53.0,46.0
2013-01-07 20:00:00,CO,DF,BRASILIA,"-15,78944444","-47,92583332",0.0,26.2,23.1,68.0,53.0
2013-01-07 21:00:00,CO,DF,BRASILIA,"-15,78944444","-47,92583332",0.4,23.6,22.6,77.0,67.0
2013-01-07 22:00:00,CO,DF,BRASILIA,"-15,78944444","-47,92583332",0.0,23.6,22.5,80.0,69.0
2013-01-07 23:00:00,CO,DF,BRASILIA,"-15,78944444","-47,92583332",0.0,22.9,22.1,77.0,70.0
2013-01-08 00:00:00,CO,DF,BRASILIA,"-15,78944444","-47,92583332",0.0,22.3,20.9,81.0,71.0
2013-01-08 01:00:00,CO,DF,BRASILIA,"-15,78944444","-47,92583332",0.0,21.7,20.8,83.0,74.0
2013-01-08 02:00:00,CO,DF,BRASILIA,"-15,78944444","-47,92583332",0.0,20.9,20.4,85.0,82.0
2013-01-08 03:00:00,CO,DF,BRASILIA,"-15,78944444","-47,92583332",0.0,20.7,19.9,89.0,83.0
2013-01-08 04:00:00,CO,DF,BRASILIA,"-15,78944444","-47,92583332",0.0,21.3,20.5,90.0,82.0
2013-01-08 05:00:00,CO,DF,BRASILIA,"-15,78944444","-47,92583332",0.0,21.5,20.4,89.0,81.0
2013-01-08 06:00:00,CO,DF,BRASILIA,"-15,78944444","-47,92583332",0.0,21.1,20.4,90.0,85.0
2013-01-08 07:00:00,CO,DF,BRASILIA,"-15,78944444","-47,92583332",0.0,21.4,20.3,89.0,84.0
2013-01-08 08:00:00,CO,DF,BRASILIA,"-15,78944444","-47,92583332",0.0,21.4,20.9,86.0,82.0
2013-01-08 09:00:00,CO,DF,BRASILIA,"-15,78944444","-47,92583332",0.0,20.9,19.7,88.0,81.0
2013-01-08 10:00:00,CO,DF,BRASILIA,"-15,78944444","-47,92583332",0.0,21.0,19.7,90.0,84.0
2013-01-08 11:00:00,CO,DF,BRASILIA,"-15,78944444","-47,92583332",0.0,21.2,20.9,88.0,86.0
2013-01-08 12:00:00,CO,DF,BRASILIA,"-15,78944444","-47,92583332",0.0,23.0,21.2,88.0,75.0
2013-01-08 13:00:00,CO,DF,BRASILIA,"-15,78944444","-47,92583332",0.0,23.6,23.0,77.0,72.0
2013-01-08 14:00:00,CO,DF,BRASILIA,"-15,78944444","-47,92583332",0.0,24.6,23.2,77.0,72.0
2013-01-08 15:00:00,CO,DF,BRASILIA,"-15,78944444","-47,92583332",0.0,26.0,24.2,73.0,61.0
2013-01-08 16:00:00,CO,DF,BRASILIA,"-15,78944444","-47,92583332",0.0,26.4,25.3,66.0,56.0
2013-01-08 17:00:00,CO,DF,BRASILIA,"-15,78944444","-47,92583332",0.0,26.4,25.5,64.0,55.0
2013-01-08 18:00:00,CO,DF,BRASILIA,"-15,78944444","-47,92583332",25.2,26.7,17.6,95.0,56.0
2013-01-08 19:00:00,CO,DF,BRASILIA,"-15,78944444","-47,92583332",24.6,19.1,17.2,96.0,91.0
2013-01-08 20:00:00,CO,DF,BRASILIA,"-15,78944444","-47,92583332",0.0,20.6,19.1,93.0,85.0
2013-01-08 21:00:00,CO,DF,BRASILIA,"-15,78944444","-47,92583332",0.0,21.3,20.0,91.0,83.0
2013-01-08 22:00:00,CO,DF,BRASILIA,"-15,78944444","-47,92583332",0.0,20.4,19.7,92.0,88.0
2013-01-08 23:00:00,CO,DF,BRASILIA,"-15,78944444","-47,92583332",0.0,20.1,19.6,93.0,88.0
2013-01-09 00:00:00,CO,DF,BRASILIA,"-15,78944444","-47,92583332",0.0,20.2,19.4,91.0,87.0
2013-01-09 01:00:00,CO,DF,BRASILIA,"-15,78944444","-47,92583332",0.0,19.7,19.4,91.0,90.0
2013-01-09 02:00:00,CO,DF,BRASILIA,"-15,78944444","-47,92583332",0.0,20.5,19.5,91.0,85.0
2013-01-09 03:00:00,CO,DF,BRASILIA,"-15,78944444","-47,92583332",0.0,20.5,20.2,90.0,86.0
2013-01-09 04:00:00,CO,DF,BRASILIA,"-15,78944444","-47,92583332",0.0,20.5,19.9,91.0,87.0
2013-01-09 05:00:00,CO,DF,BRASILIA,"-15,78944444","-47,92583332",0.0,20.0,19.7,94.0,91.0
2013-01-09 06:00:00,CO,DF,BRASILIA,"-15,78944444","-47,92583332",0.0,20.4,19.7,94.0,88.0
2013-01-09 07:00:00,CO,DF,BRASILIA,"-15,78944444","-47,92583332",0.0,20.5,19.7,93.0,85.0
2013-01-09 08:00:00,CO,DF,BRASILIA,"-15,78944444","-47,92583332",0.0,19.8,19.7,93.0,92.0
2013-01-09 09:00:00,CO,DF,BRASILIA,"-15,78944444","-47,92583332",0.0,19.7,19.1,94.0,92.0
2013-01-09 10:00:00,CO,DF,BRASILIA,"-15,78944444","-47,92583332",0.0,19.8,19.2,95.0,93.0
2013-01-09 11:00:00,CO,DF,BRASILIA,"-15,78944444","-47,92583332",0.0,20.6,19.7,94.0,89.0
2013-01-09 12:00:00,CO,DF,BRASILIA,"-15,78944444","-47,92583332",0.0,23.0,20.6,89.0,74.0
2013-01-09 13:00:00,CO,DF,BRASILIA,"-15,78944444","-47,92583332",0.0,23.8,22.6,79.0,66.0
2013-01-09 14:00:00,CO,DF,BRASILIA,"-15,78944444","-47,92583332",0.0,23.0,21.9,83.0,73.0
2013-01-09 15:00:00,CO,DF,BRASILIA,"-15,78944444","-47,92583332",0.0,24.7,22.7,77.0,69.0
2013-01-09 16:00:00,CO,DF,BRASILIA,"-15,78944444","-47,92583332",0.0,26.5,24.5,72.0,59.0
2013-01-09 17:00:00,CO,DF,BRASILIA,"-15,78944444","-47,92583332",0.0,26.9,25.5,65.0,56.0
2013-01-09 18:00:00,CO,DF,BRASILIA,"-15,78944444","-47,92583332",8.4,25.6,20.0,94.0,63.0
2013-01-09 19:00:00,CO,DF,BRASILIA,"-15,78944444","-47,92583332",1.4,21.3,20.0,95.0,91.0
2013-01-09 20:00:00,CO,DF,BRASILIA,"-15,78944444","-47,92583332",0.2,21.4,20.7,93.0,90.0
2013-01-09 21:00:00,CO,DF,BRASILIA,"-15,78944444","-47,92583332",0.0,21.4,21.0,91.0,86.0
2013-01-09 22:00:00,CO,DF,BRASILIA,"-15,78944444","-47,92583332",0.0,21.2,21.0,91.0,87.0
2013-01-09 23:00:00,CO,DF,BRASILIA,"-15,78944444","-47,92583332",0.0,21.8,20.8,92.0,90.0
2013-01-10 00:00:00,CO,DF,BRASILIA,"-15,78944444","-47,92583332",3.6,21.9,20.3,94.0,89.0
2013-01-10 01:00:00,CO,DF,BRASILIA,"-15,78944444","-47,92583332",40.2,20.3,18.8,97.0,92.0
2013-01-10 02:00:00,CO,DF,BRASILIA,"-15,78944444","-47,92583332",12.4,18.9,18.6,97.0,97.0
2013-01-10 03:00:00,CO,DF,BRASILIA,"-15,78944444","-47,92583332",2.6,19.1,18.8,97.0,97.0
2013-01-10 04:00:00,CO,DF,BRASILIA,"-15,78944444","-47,92583332",0.8,18.8,18.5,97.0,97.0
2013-01-10 05:00:00,CO,DF,BRASILIA,"-15,78944444","-47,92583332",0.6,18.7,18.2,97.0,95.0
2013-01-10 06:00:00,CO,DF,BRASILIA,"-15,78944444","-47,92583332",0.2,18.3,18.1,97.0,96.0
2013-01-10 07:00:00,CO,DF,BRASILIA,"-15,78944444","-47,92583332",0.2,18.2,18.2,97.0,95.0
2013-01-10 08:00:00,CO,DF,BRASILIA,"-15,78944444","-47,92583332",0.0,18.2,17.9,96.0,95.0
2013-01-10 09:00:00,CO,DF,BRASILIA,"-15,78944444","-47,92583332",0.0,18.2,17.9,96.0,95.0
2013-01-10 10:00:00,CO,DF,BRASILIA,"-15,78944444","-47,92583332",0.2,18.5,18.2,95.0,95.0
2013-01-10 11:00:00,CO,DF,BRASILIA,"-15,78944444","-47,92583332",0.0,19.3,18.5,95.0,93.0
2013-01-10 12:00:00,CO,DF,BRASILIA,"-15,78944444","-47,92583332",0.0,21.6,19.2,93.0,82.0
2013-01-10 13:00:00,CO,DF,BRASILIA,"-15,78944444","-47,92583332",0.0,21.6,20.7,82.0,73.0
2013-01-10 14:00:00,CO,DF,BRASILIA,"-15,78944444","-47,92583332",0.0,23.8,21.6,74.0,64.0
2013-01-10 15:00:00,CO,DF,BRASILIA,"-15,78944444","-47,92583332",0.0,24.4,23.7,69.0,59.0
2013-01-10 16:00:00,CO,DF,BRASILIA,"-15,78944444","-47,92583332",0.0,24.9,23.8,71.0,56.0
2013-01-10 17:00:00,CO,DF,BRASILIA,"-15,78944444","-47,92583332",0.0,26.2,24.5,60.0,52.0
2013-01-10 18:00:00,CO,DF,BRASILIA,"-15,78944444","-47,92583332",0.0,26.9,25.6,57.0,50.0
2013-01-10 19:00:00,CO,DF,BRASILIA,"-15,78944444","-47,92583332",0.0,26.1,25.0,57.0,51.0
2013-01-10 20:00:00,CO,DF,BRASILIA,"-15,78944444","-47,92583332",0.0,25.3,24.8,59.0,53.0
2013-01-10 21:00:00,CO,DF,BRASILIA,"-15,78944444","-47,92583332",0.0,24.9,23.6,62.0,56.0
2013-01-10 22:00:00,CO,DF,BRASILIA,"-15,78944444","-47,92583332",0.0,23.6,22.7,69.0,62.0
2013-01-10 23:00:00,CO,DF,BRASILIA,"-15,78944444","-47,92583332",0.0,22.7,22.1,75.0,68.0
2013-01-11 00:00:00,CO,DF,BRASILIA,"-15,78944444","-47,92583332",0.0,22.2,20.6,85.0,74.0
2013-01-11 01:00:00,CO,DF,BRASILIA,"-15,78944444","-47,92583332",0.0,20.6,19.5,89.0,82.0
2013-01-11 02:00:00,CO,DF,BRASILIA,"-15,78944444","-47,92583332",0.0,19.5,18.9,90.0,87.0
2013-01-11 03:00:00,CO,DF,BRASILIA,"-15,78944444","-47,92583332",0.0,19.1,18.8,89.0,85.0
2013-01-11 04:00:00,CO,DF,BRASILIA,"-15,78944444","-47,92583332",0.2,18.8,18.2,93.0,87.0
2013-01-11 05:00:00,CO,DF,BRASILIA,"-15,78944444","-47,92583332",0.2,18.6,18.1,93.0,89.0
2013-01-11 06:00:00,CO,DF,BRASILIA,"-15,78944444","-47,92583332",0.2,18.4,17.9,95.0,90.0
2013-01-11 07:00:00,CO,DF,BRASILIA,"-15,78944444","-47,92583332",0.0,18.0,17.9,95.0,94.0
2013-01-11 08:00:00,CO,DF,BRASILIA,"-15,78944444","-47,92583332",0.0,18.3,18.0,94.0,88.0
2013-01-11 09:00:00,CO,DF,BRASILIA,"-15,78944444","-47,92583332",0.0,18.3,17.9,93.0,88.0
2013-01-11 10:00:00,CO,DF,BRASILIA,"-15,78944444","-47,92583332",0.2,18.3,18.1,94.0,93.0
2013-01-11 11:00:00,CO,DF,BRASILIA,"-15,78944444","-47,92583332",0.8,18.6,18.3,95.0,93.0
2013-01-11 12:00:00,CO,DF,BRASILIA,"-15,78944444","-47,92583332",0.0,19.6,18.6,94.0,90.0
2013-01-11 13:00:00,CO,DF,BRASILIA,"-15,78944444","-47,92583332",0.0,20.2,19.6,91.0,82.0
2013-01-11 14:00:00,CO,DF,BRASILIA,"-15,78944444","-47,92583332",0.0,21.2,20.1,85.0,76.0
2013-01-11 15:00:00,CO,DF,BRASILIA,"-15,78944444","-47,92583332",0.0,21.6,20.9,79.0,72.0
2013-01-11 16:00:00,CO,DF,BRASILIA,"-15,78944444","-47,92583332",0.6,21.5,20.2,89.0,74.0
2013-01-11 17:00:00,CO,DF,BRASILIA,"-15,78944444","-47,92583332",0.2,21.7,20.3,89.0,78.0
2013-01-11 18:00:00,CO,DF,BRASILIA,"-15,78944444","-47,92583332",0.2,21.4,20.2,86.0,78.0
2013-01-11 19:00:00,CO,DF,BRASILIA,"-15,78944444","-47,92583332",0.0,20.4,19.1,89.0,84.0
2013-01-11 20:00:00,CO,DF,BRASILIA,"-15,78944444","-47,92583332",0.4,19.2,18.5,91.0,88.0
2013-01-11 21:00:00,CO,DF,BRASILIA,"-15,78944444","-47,92583332",0.0,19.1,18.9,91.0,88.0
2013-01-11 22:00:00,CO,DF,BRASILIA,"-15,78944444","-47,92583332",0.2,19.0,18.3,91.0,87.0
2013-01-11 23:00:00,CO,DF,BRASILIA,"-15,78944444","-47,92583332",1.4,18.3,18.0,94.0,91.0
2013-01-12 00:00:00,CO,DF,BRASILIA,"-15,78944444","-47,92583332",1.4,18.1,17.8,95.0,94.0
2013-01-12 01:00:00,CO,DF,BRASILIA,"-15,78944444","-47,92583332",0.2,18.1,17.9,96.0,95.0
2013-01-12 02:00:00,CO,DF,BRASILIA,"-15,78944444","-47,92583332",0.6,18.2,18.1,96.0,96.0
2013-01-12 03:00:00,CO,DF,BRASILIA,"-15,78944444","-47,92583332",0.2,18.3,18.1,96.0,96.0
2013-01-12 04:00:00,CO,DF,BRASILIA,"-15,78944444","-47,92583332",0.4,18.2,17.9,96.0,96.0
2013-01-12 05:00:00,CO,DF,BRASILIA,"-15,78944444","-47,92583332",0.8,17.9,17.6,96.0,95.0
2013-01-12 06:00:00,CO,DF,BRASILIA,"-15,78944444","-47,92583332",0.4,17.6,17.2,96.0,96.0
2013-01-12 07:00:00,CO,DF,BRASILIA,"-15,78944444","-47,92583332",0.6,17.2,16.9,96.0,96.0
2013-01-12 08:00:00,CO,DF,BRASILIA,"-15,78944444","-47,92583332",4.0,16.9,16.0,96.0,94.0
2013-01-12 09:00:00,CO,DF,BRASILIA,"-15,78944444","-47,92583332",2.8,16.0,15.6,95.0,92.0
2013-01-12 10:00:00,CO,DF,BRASILIA,"-15,78944444","-47,92583332",1.8,16.0,15.6,94.0,89.0
2013-01-12 11:00:00,CO,DF,BRASILIA,"-15,78944444","-47,92583332",3.0,15.9,15.7,96.0,92.0
2013-01-12 12:00:00,CO,DF,BRASILIA,"-15,78944444","-47,92583332",1.8,16.6,15.9,96.0,95.0
2013-01-12 13:00:00,CO,DF,BRASILIA,"-15,78944444","-47,92583332",1.6,17.2,16.5,96.0,94.0
2013-01-12 14:00:00,CO,DF,BRASILIA,"-15,78944444","-47,92583332",1.8,17.7,17.0,95.0,94.0
2013-01-12 15:00:00,CO,DF,BRASILIA,"-15,78944444","-47,92583332",1.8,17.7,17.4,95.0,93.0
2013-01-12 16:00:00,CO,DF,BRASILIA,"-15,78944444","-47,92583332",2.4,17.9,17.6,95.0,92.0
2013-01-12 17:00:00,CO,DF,BRASILIA,"-15,78944444","-47,92583332",0.6,18.4,17.8,94.0,90.0
2013-01-12 18:00:00,CO,DF,BRASILIA,"-15,78944444","-47,92583332",0.2,19.0,18.3,91.0,88.0
2013-01-12 19:00:00,CO,DF,BRASILIA,"-15,78944444","-47,92583332",0.0,19.7,18.3,91.0,81.0
2013-01-12 20:00:00,CO,DF,BRASILIA,"-15,78944444","-47,92583332",0.0,19.2,18.8,86.0,82.0
2013-01-12 21:00:00,CO,DF,BRASILIA,"-15,78944444","-47,92583332",0.0,19.1,18.7,86.0,82.0
2013-01-12 22:00:00,CO,DF,BRASILIA,"-15,78944444","-47,92583332",0.0,18.7,18.3,87.0,85.0
2013-01-12 23:00:00,CO,DF,BRASILIA,"-15,78944444","-47,92583332",0.0,18.3,18.1,88.0,86.0
2013-01-13 00:00:00,CO,DF,BRASILIA,"-15,78944444","-47,92583332",0.0,18.1,17.9,90.0,87.0
2013-01-13 01:00:00,CO,DF,BRASILIA,"-15,78944444","-47,92583332",0.0,17.9,17.7,91.0,89.0
2013-01-13 02:00:00,CO,DF,BRASILIA,"-15,78944444","-47,92583332",0.0,17.7,17.4,92.0,90.0
2013-01-13 03:00:00,CO,DF,BRASILIA,"-15,78944444","-47,92583332",0.0,17.4,17.3,94.0,92.0
2013-01-13 04:00:00,CO,DF,BRASILIA,"-15,78944444","-47,92583332",0.0,18.3,17.3,93.0,82.0
2013-01-13 05:00:00,CO,DF,BRASILIA,"-15,78944444","-47,92583332",0.0,18.2,17.8,87.0,82.0
2013-01-13 06:00:00,CO,DF,BRASILIA,"-15,78944444","-47,92583332",0.0,17.8,17.4,89.0,86.0
2013-01-13 07:00:00,CO,DF,BRASILIA,"-15,78944444","-47,92583332",0.0,17.5,17.2,90.0,89.0
2013-01-13 08:00:00,CO,DF,BRASILIA,"-15,78944444","-47,92583332",0.0,17.4,17.3,92.0,90.0
2013-01-13 09:00:00,CO,DF,BRASILIA,"-15,78944444","-47,92583332",0.0,17.7,17.2,93.0,89.0
2013-01-13 10:00:00,CO,DF,BRASILIA,"-15,78944444","-47,92583332",0.0,17.7,17.3,90.0,88.0
2013-01-13 11:00:00,CO,DF,BRASILIA,"-15,78944444","-47,92583332",0.2,17.7,17.5,92.0,90.0
2013-01-13 12:00:00,CO,DF,BRASILIA,"-15,78944444","-47,92583332",0.2,17.9,17.5,93.0,90.0
2013-01-13 13:00:00,CO,DF,BRASILIA,"-15,78944444","-47,92583332",0.0,18.0,17.5,93.0,90.0
2013-01-13 14:00:00,CO,DF,BRASILIA,"-15,78944444","-47,92583332",0.2,20.1,18.0,91.0,80.0
2013-01-13 15:00:00,CO,DF,BRASILIA,"-15,78944444","-47,92583332",0.0,20.6,19.7,83.0,74.0
2013-01-13 16:00:00,CO,DF,BRASILIA,"-15,78944444","-47,92583332",0.0,19.8,19.2,80.0,75.0
2013-01-13 17:00:00,CO,DF,BRASILIA,"-15,78944444","-47,92583332",0.2,19.8,18.8,87.0,79.0
2013-01-13 18:00:00,CO,DF,BRASILIA,"-15,78944444","-47,92583332",0.2,19.3,18.8,87.0,83.0
2013-01-13 19:00:00,CO,DF,BRASILIA,"-15,78944444","-47,92583332",0.4,19.4,19.0,90.0,85.0
2013-01-13 20:00:00,CO,DF,BRASILIA,"-15,78944444","-47,92583332",0.2,19.9,19.3,90.0,83.0
2013-01-13 21:00:00,CO,DF,BRASILIA,"-15,78944444","-47,92583332",0.0,19.9,18.9,91.0,84.0
2013-01-13 22:00:00,CO,DF,BRASILIA,"-15,78944444","-47,92583332",0.6,18.9,18.4,93.0,90.0
2013-01-13 23:00:00,CO,DF,BRASILIA,"-15,78944444","-47,92583332",0.2,18.4,17.9,94.0,93.0
2013-01-14 00:00:00,CO,DF,BRASILIA,"-15,78944444","-47,92583332",0.8,18.0,17.8,96.0,94.0
2013-01-14 01:00:00,CO,DF,BRASILIA,"-15,78944444","-47,92583332",0.4,17.8,17.6,96.0,96.0
2013-01-14 02:00:00,CO,DF,BRASILIA,"-15,78944444","-47,92583332",0.0,17.6,17.4,96.0,93.0
2013-01-14 03:00:00,CO,DF,BRASILIA,"-15,78944444","-47,92583332",0.4,17.4,17.2,95.0,92.0
2013-01-14 04:00:00,CO,DF,BRASILIA,"-15,78944444","-47,92583332",0.2,17.3,16.8,92.0,89.0
2013-01-14 05:00:00,CO,DF,BRASILIA,"-15,78944444","-47,92583332",0.0,17.3,16.5,95.0,89.0
2013-01-14 06:00:00,CO,DF,BRASILIA,"-15,78944444","-47,92583332",0.0,16.8,16.3,96.0,94.0
2013-01-14 07:00:00,CO,DF,BRASILIA,"-15,78944444","-47,92583332",0.0,16.8,16.5,96.0,96.0
2013-01-14 08:00:00,CO,DF,BRASILIA,"-15,78944444","-47,92583332",0.2,17.0,16.8,96.0,95.0
2013-01-14 09:00:00,CO,DF,BRASILIA,"-15,78944444","-47,92583332",0.2,16.8,16.4,95.0,92.0
2013-01-14 10:00:00,CO,DF,BRASILIA,"-15,78944444","-47,92583332",1.0,16.6,16.4,94.0,91.0
2013-01-14 11:00:00,CO,DF,BRASILIA,"-15,78944444","-47,92583332",1.0,17.4,16.7,93.0,90.0
2013-01-14 12:00:00,CO,DF,BRASILIA,"-15,78944444","-47,92583332",1.4,17.9,17.3,94.0,90.0
2013-01-14 13:00:00,CO,DF,BRASILIA,"-15,78944444","-47,92583332",1.2,18.6,17.7,95.0,93.0
2013-01-14 14:00:00,CO,DF,BRASILIA,"-15,78944444","-47,92583332",0.8,19.3,18.5,94.0,92.0
2013-01-14 15:00:00,CO,DF,BRASILIA,"-15,78944444","-47,92583332",1.0,19.8,19.2,94.0,90.0
2013-01-14 16:00:00,CO,DF,BRASILIA,"-15,78944444","-47,92583332",0.4,19.9,19.1,94.0,89.0
2013-01-14 17:00:00,CO,DF,BRASILIA,"-15,78944444","-47,92583332",2.8,19.3,18.5,94.0,91.0
2013-01-14 18:00:00,CO,DF,BRASILIA,"-15,78944444","-47,92583332",0.2,19.6,18.6,95.0,89.0
2013-01-14 19:00:00,CO,DF,BRASILIA,"-15,78944444","-47,92583332",0.8,19.8,19.2,93.0,90.0
2013-01-14 20:00:00,CO,DF,BRASILIA,"-15,78944444","-47,92583332",0.2,19.6,19.4,94.0,91.0
2013-01-14 21:00:00,CO,DF,BRASILIA,"-15,78944444","-47,92583332",2.0,19.5,19.1,95.0,93.0
2013-01-14 22:00:00,CO,DF,BRASILIA,"-15,78944444","-47,92583332",3.4,19.1,18.7,96.0,93.0
2013-01-14 23:00:00,CO,DF,BRASILIA,"-15,78944444","-47,92583332",1.4,18.8,18.4,96.0,95.0
2013-01-15 00:00:00,CO,DF,BRASILIA,"-15,78944444","-47,92583332",4.6,18.4,16.9,97.0,96.0
2013-01-15 01:00:00,CO,DF,BRASILIA,"-15,78944444","-47,92583332",0.0,17.3,16.9,97.0,97.0
2013-01-15 02:00:00,CO,DF,BRASILIA,"-15,78944444","-47,92583332",0.0,17.6,17.2,97.0,97.0
2013-01-15 03:00:00,CO,DF,BRASILIA,"-15,78944444","-47,92583332",0.0,17.7,17.4,97.0,97.0
2013-01-15 04:00:00,CO,DF,BRASILIA,"-15,78944444","-47,92583332",0.0,17.5,17.3,97.0,97.0
2013-01-15 05:00:00,CO,DF,BRASILIA,"-15,78944444","-47,92583332",0.0,17.5,17.3,97.0,96.0
2013-01-15 06:00:00,CO,DF,BRASILIA,"-15,78944444","-47,92583332",0.2,17.3,17.0,96.0,96.0
2013-01-15 07:00:00,CO,DF,BRASILIA,"-15,78944444","-47,92583332",0.0,17.1,16.8,97.0,96.0
2013-01-15 08:00:00,CO,DF,BRASILIA,"-15,78944444","-47,92583332",0.0,17.2,17.0,97.0,97.0
2013-01-15 09:00:00,CO,DF,BRASILIA,"-15,78944444","-47,92583332",0.0,17.1,17.0,97.0,97.0
2013-01-15 10:00:00,CO,DF,BRASILIA,"-15,78944444","-47,92583332",0.0,17.8,17.1,97.0,96.0
2013-01-15 11:00:00,CO,DF,BRASILIA,"-15,78944444","-47,92583332",0.0,19.6,17.8,96.0,85.0
2013-01-15 12:00:00,CO,DF,BRASILIA,"-15,78944444","-47,92583332",0.0,20.2,19.4,87.0,82.0
2013-01-15 13:00:00,CO,DF,BRASILIA,"-15,78944444","-47,92583332",0.0,21.9,20.0,86.0,71.0
2013-01-15 14:00:00,CO,DF,BRASILIA,"-15,78944444","-47,92583332",1.2,22.2,19.7,87.0,73.0
2013-01-15 15:00:00,CO,DF,BRASILIA,"-15,78944444","-47,92583332",4.4,20.9,19.3,93.0,84.0
2013-01-15 16:00:00,CO,DF,BRASILIA,"-15,78944444","-47,92583332",4.6,20.0,19.0,94.0,90.0
2013-01-15 17:00:00,CO,DF,BRASILIA,"-15,78944444","-47,92583332",0.4,21.6,19.5,93.0,81.0
2013-01-15 18:00:00,CO,DF,BRASILIA,"-15,78944444","-47,92583332",8.0,21.4,18.3,94.0,83.0
2013-01-15 19:00:00,CO,DF,BRASILIA,"-15,78944444","-47,92583332",0.0,20.9,19.2,93.0,84.0
2013-01-15 20:00:00,CO,DF,BRASILIA,"-15,78944444","-47,92583332",0.0,21.2,20.0,90.0,85.0
2013-01-15 21:00:00,CO,DF,BRASILIA,"-15,78944444","-47,92583332",0.0,20.7,20.0,88.0,84.0
2013-01-15 22:00:00,CO,DF,BRASILIA,"-15,78944444","-47,92583332",0.0,20.4,20.1,90.0,86.0
2013-01-15 23:00:00,CO,DF,BRASILIA,"-15,78944444","-47,92583332",0.2,20.2,19.3,93.0,88.0
2013-01-16 00:00:00,CO,DF,BRASILIA,"-15,78944444","-47,92583332",0.0,20.0,19.4,93.0,91.0
2013-01-16 01:00:00,CO,DF,BRASILIA,"-15,78944444","-47,92583332",0.0,20.0,19.5,94.0,91.0
2013-01-16 02:00:00,CO,DF,BRASILIA,"-15,78944444","-47,92583332",0.0,19.9,19.7,93.0,91.0
2013-01-16 03:00:00,CO,DF,BRASILIA,"-15,78944444","-47,92583332",0.0,19.8,19.5,95.0,93.0
2013-01-16 04:00:00,CO,DF,BRASILIA,"-15,78944444","-47,92583332",18.0,19.5,17.4,96.0,92.0
2013-01-16 05:00:00,CO,DF,BRASILIA,"-15,78944444","-47,92583332",11.2,17.8,17.3,97.0,96.0
2013-01-16 06:00:00,CO,DF,BRASILIA,"-15,78944444","-47,92583332",0.0,17.8,17.4,97.0,97.0
2013-01-16 07:00:00,CO,DF,BRASILIA,"-15,78944444","-47,92583332",3.0,17.8,17.7,97.0,96.0
2013-01-16 08:00:00,CO,DF,BRASILIA,"-15,78944444","-47,92583332",3.6,17.8,17.4,97.0,96.0
2013-01-16 09:00:00,CO,DF,BRASILIA,"-15,78944444","-47,92583332",15.0,17.5,17.2,97.0,96.0
2013-01-16 10:00:00,CO,DF,BRASILIA,"-15,78944444","-47,92583332",3.8,17.7,17.5,97.0,97.0
2013-01-16 11:00:00,CO,DF,BRASILIA,"-15,78944444","-47,92583332",5.4,17.7,17.6,97.0,97.0
2013-01-16 12:00:00,CO,DF,BRASILIA,"-15,78944444","-47,92583332",6.2,17.7,17.6,97.0,97.0
2013-01-16 13:00:00,CO,DF,BRASILIA,"-15,78944444","-47,92583332",2.0,17.8,17.4,97.0,92.0
2013-01-16 14:00:00,CO,DF,BRASILIA,"-15,78944444","-47,92583332",0.2,18.0,17.4,93.0,86.0
2013-01-16 15:00:00,CO,DF,BRASILIA,"-15,78944444","-47,92583332",0.2,18.9,18.0,92.0,87.0
2013-01-16 16:00:00,CO,DF,BRASILIA,"-15,78944444","-47,92583332",0.2,19.2,18.8,92.0,88.0
2013-01-16 17:00:00,CO,DF,BRASILIA,"-15,78944444","-47,92583332",0.0,19.7,18.8,93.0,85.0
2013-01-16 18:00:00,CO,DF,BRASILIA,"-15,78944444","-47,92583332",0.0,22.2,19.6,86.0,73.0
2013-01-16 19:00:00,CO,DF,BRASILIA,"-15,78944444","-47,92583332",0.0,22.3,21.3,79.0,69.0
2013-01-16 20:00:00,CO,DF,BRASILIA,"-15,78944444","-47,92583332",0.0,21.8,21.0,80.0,75.0
2013-01-16 21:00:00,CO,DF,BRASILIA,"-15,78944444","-47,92583332",0.0,21.5,20.2,83.0,76.0
2013-01-16 22:00:00,CO,DF,BRASILIA,"-15,78944444","-47,92583332",0.0,20.2,19.2,87.0,83.0
2013-01-16 23:00:00,CO,DF,BRASILIA,"-15,78944444","-47,92583332",0.0,19.2,18.5,92.0,87.0
2013-01-17 00:00:00,CO,DF,BRASILIA,"-15,78944444","-47,92583332",0.0,19.1,18.5,93.0,90.0
2013-01-17 01:00:00,CO,DF,BRASILIA,"-15,78944444","-47,92583332",0.2,19.0,18.6,93.0,91.0
2013-01-17 02:00:00,CO,DF,BRASILIA,"-15,78944444","-47,92583332",1.0,18.7,18.2,95.0,93.0
2013-01-17 03:00:00,CO,DF,BRASILIA,"-15,78944444","-47,92583332",0.4,18.3,17.9,96.0,94.0
2013-01-17 04:00:00,CO,DF,BRASILIA,"-15,78944444","-47,92583332",0.0,18.4,18.1,96.0,96.0
2013-01-17 05:00:00,CO,DF,BRASILIA,"-15,78944444","-47,92583332",0.0,18.4,18.2,96.0,96.0
2013-01-17 06:00:00,CO,DF,BRASILIA,"-15,78944444","-47,92583332",0.6,18.2,18.0,96.0,96.0
2013-01-17 07:00:00,CO,DF,BRASILIA,"-15,78944444","-47,92583332",3.4,18.1,17.3,97.0,96.0
2013-01-17 08:00:00,CO,DF,BRASILIA,"-15,78944444","-47,92583332",2.0,17.6,17.2,97.0,96.0
2013-01-17 09:00:00,CO,DF,BRASILIA,"-15,78944444","-47,92583332",2.0,17.3,17.0,97.0,96.0
2013-01-17 10:00:00,CO,DF,BRASILIA,"-15,78944444","-47,92583332",0.0,17.1,16.8,97.0,95.0
2013-01-17 11:00:00,CO,DF,BRASILIA,"-15,78944444","-47,92583332",0.0,18.0,16.9,96.0,94.0
2013-01-17 12:00:00,CO,DF,BRASILIA,"-15,78944444","-47,92583332",0.0,19.5,18.0,94.0,84.0
2013-01-17 13:00:00,CO,DF,BRASILIA,"-15,78944444","-47,92583332",0.0,21.3,19.4,85.0,74.0
2013-01-17 14:00:00,CO,DF,BRASILIA,"-15,78944444","-47,92583332",0.0,23.7,21.1,78.0,66.0
2013-01-17 15:00:00,CO,DF,BRASILIA,"-15,78944444","-47,92583332",0.0,24.6,23.2,69.0,62.0
2013-01-17 16:00:00,CO,DF,BRASILIA,"-15,78944444","-47,92583332",0.0,25.0,22.0,75.0,62.0
2013-01-17 17:00:00,CO,DF,BRASILIA,"-15,78944444","-47,92583332",0.0,25.2,22.0,75.0,59.0
2013-01-17 18:00:00,CO,DF,BRASILIA,"-15,78944444","-47,92583332",0.0,25.7,24.5,63.0,55.0
2013-01-17 19:00:00,CO,DF,BRASILIA,"-15,78944444","-47,92583332",0.0,25.8,24.7,60.0,55.0
2013-01-17 20:00:00,CO,DF,BRASILIA,"-15,78944444","-47,92583332",0.0,26.1,24.6,64.0,55.0
2013-01-17 21:00:00,CO,DF,BRASILIA,"-15,78944444","-47,92583332",0.0,25.2,22.9,72.0,60.0
2013-01-17 22:00:00,CO,DF,BRASILIA,"-15,78944444","-47,92583332",0.0,22.9,20.0,80.0,72.0
2013-01-17 23:00:00,CO,DF,BRASILIA,"-15,78944444","-47,92583332",0.0,20.1,19.4,86.0,79.0
2013-01-18 00:00:00,CO,DF,BRASILIA,"-15,78944444","-47,92583332",0.0,19.5,18.4,92.0,86.0
2013-01-18 01:00:00,CO,DF,BRASILIA,"-15,78944444","-47,92583332",0.0,19.4,18.9,93.0,91.0
2013-01-18 02:00:00,CO,DF,BRASILIA,"-15,78944444","-47,92583332",0.0,19.4,18.5,95.0,93.0
2013-01-18 03:00:00,CO,DF,BRASILIA,"-15,78944444","-47,92583332",0.0,18.9,18.4,95.0,94.0
2013-01-18 04:00:00,CO,DF,BRASILIA,"-15,78944444","-47,92583332",0.0,18.6,17.5,96.0,95.0
2013-01-18 05:00:00,CO,DF,BRASILIA,"-15,78944444","-47,92583332",0.0,17.9,16.9,96.0,96.0
2013-01-18 06:00:00,CO,DF,BRASILIA,"-15,78944444","-47,92583332",0.0,17.9,17.0,97.0,92.0
2013-01-18 07:00:00,CO,DF,BRASILIA,"-15,78944444","-47,92583332",0.0,17.3,16.6,95.0,93.0
2013-01-18 08:00:00,CO,DF,BRASILIA,"-15,78944444","-47,92583332",0.0,17.4,16.6,96.0,94.0
2013-01-18 09:00:00,CO,DF,BRASILIA,"-15,78944444","-47,92583332",0.2,17.1,16.6,97.0,95.0
2013-01-18 10:00:00,CO,DF,BRASILIA,"-15,78944444","-47,92583332",0.0,19.0,16.5,97.0,96.0
2013-01-18 11:00:00,CO,DF,BRASILIA,"-15,78944444","-47,92583332",0.0,21.3,18.7,96.0,78.0
2013-01-18 12:00:00,CO,DF,BRASILIA,"-15,78944444","-47,92583332",0.0,23.4,21.3,79.0,67.0
2013-01-18 13:00:00,CO,DF,BRASILIA,"-15,78944444","-47,92583332",0.0,25.2,23.3,69.0,59.0
2013-01-18 14:00:00,CO,DF,BRASILIA,"-15,78944444","-47,92583332",0.0,26.3,24.5,64.0,47.0
2013-01-18 15:00:00,CO,DF,BRASILIA,"-15,78944444","-47,92583332",0.0,27.6,25.8,54.0,43.0
2013-01-18 16:00:00,CO,DF,BRASILIA,"-15,78944444","-47,92583332",0.0,27.7,25.7,59.0,43.0
2013-01-18 17:00:00,CO,DF,BRASILIA,"-15,78944444","-47,92583332",0.0,27.9,26.4,57.0,45.0
2013-01-18 18:00:00,CO,DF,BRASILIA,"-15,78944444","-47,92583332",0.0,28.2,26.8,55.0,45.0
2013-01-18 19:00:00,CO,DF,BRASILIA,"-15,78944444","-47,92583332",0.0,29.5,27.3,52.0,33.0
2013-01-18 20:00:00,CO,DF,BRASILIA,"-15,78944444","-47,92583332",0.0,29.2,27.0,55.0,35.0
2013-01-18 21:00:00,CO,DF,BRASILIA,"-15,78944444","-47,92583332",0.0,28.2,26.4,59.0,47.0
2013-01-18 22:00:00,CO,DF,BRASILIA,"-15,78944444","-47,92583332",0.0,26.7,24.1,67.0,57.0
2013-01-18 23:00:00,CO,DF,BRASILIA,"-15,78944444","-47,92583332",0.0,24.1,22.4,73.0,67.0
2013-01-19 00:00:00,CO,DF,BRASILIA,"-15,78944444","-47,92583332",0.0,22.5,21.6,74.0,69.0
2013-01-19 01:00:00,CO,DF,BRASILIA,"-15,78944444","-47,92583332",0.0,21.8,21.3,76.0,73.0
2013-01-19 02:00:00,CO,DF,BRASILIA,"-15,78944444","-47,92583332",0.0,21.5,20.1,81.0,74.0
2013-01-19 03:00:00,CO,DF,BRASILIA,"-15,78944444","-47,92583332",0.0,21.4,20.2,81.0,75.0
2013-01-19 04:00:00,CO,DF,BRASILIA,"-15,78944444","-47,92583332",0.0,21.3,20.6,80.0,75.0
2013-01-19 05:00:00,CO,DF,BRASILIA,"-15,78944444","-47,92583332",0.0,20.6,19.8,87.0,80.0
2013-01-19 06:00:00,CO,DF,BRASILIA,"-15,78944444","-47,92583332",0.0,20.4,19.9,87.0,82.0
2013-01-19 07:00:00,CO,DF,BRASILIA,"-15,78944444","-47,92583332",0.0,20.2,19.5,88.0,84.0
2013-01-19 08:00:00,CO,DF,BRASILIA,"-15,78944444","-47,92583332",0.0,19.8,19.0,90.0,86.0
2013-01-19 09:00:00,CO,DF,BRASILIA,"-15,78944444","-47,92583332",0.0,19.3,18.8,93.0,89.0
2013-01-19 10:00:00,CO,DF,BRASILIA,"-15,78944444","-47,92583332",0.0,21.0,19.1,92.0,85.0
2013-01-19 11:00:00,CO,DF,BRASILIA,"-15,78944444","-47,92583332",0.0,23.3,20.9,86.0,74.0
2013-01-19 12:00:00,CO,DF,BRASILIA,"-15,78944444","-47,92583332",0.0,25.5,23.2,75.0,63.0
2013-01-19 13:00:00,CO,DF,BRASILIA,"-15,78944444","-47,92583332",0.0,27.1,24.6,65.0,56.0
2013-01-19 14:00:00,CO,DF,BRASILIA,"-15,78944444","-47,92583332",0.0,27.1,22.6,71.0,56.0
2013-01-19 15:00:00,CO,DF,BRASILIA,"-15,78944444","-47,92583332",0.0,27.0,24.2,65.0,51.0
2013-01-19 16:00:00,CO,DF,BRASILIA,"-15,78944444","-47,92583332",0.0,26.4,23.4,77.0,57.0
2013-01-19 17:00:00,CO,DF,BRASILIA,"-15,78944444","-47,92583332",0.0,23.5,20.8,89.0,76.0
2013-01-19 18:00:00,CO,DF,BRASILIA,"-15,78944444","-47,92583332",0.0,25.4,21.5,86.0,67.0
2013-01-19 19:00:00,CO,DF,BRASILIA,"-15,78944444","-47,92583332",0.0,26.6,25.1,70.0,60.0
2013-01-19 20:00:00,CO,DF,BRASILIA,"-15,78944444","-47,92583332",0.0,26.3,21.3,83.0,57.0
2013-01-19 21:00:00,CO,DF,BRASILIA,"-15,78944444","-47,92583332",0.0,23.7,22.6,79.0,67.0
2013-01-19 22:00:00,CO,DF,BRASILIA,"-15,78944444","-47,92583332",0.0,23.0,21.2,89.0,72.0
2013-01-19 23:00:00,CO,DF,BRASILIA,"-15,78944444","-47,92583332",0.0,21.2,20.8,90.0,89.0
2013-01-20 00:00:00,CO,DF,BRASILIA,"-15,78944444","-47,92583332",0.0,20.9,20.5,91.0,88.0
2013-01-20 01:00:00,CO,DF,BRASILIA,"-15,78944444","-47,92583332",0.0,20.7,20.3,88.0,85.0
2013-01-20 02:00:00,CO,DF,BRASILIA,"-15,78944444","-47,92583332",0.0,20.8,20.5,87.0,83.0
2013-01-20 03:00:00,CO,DF,BRASILIA,"-15,78944444","-47,92583332",0.0,20.6,20.0,91.0,87.0
2013-01-20 04:00:00,CO,DF,BRASILIA,"-15,78944444","-47,92583332",0.0,20.0,19.7,93.0,91.0
2013-01-20 05:00:00,CO,DF,BRASILIA,"-15,78944444","-47,92583332",0.0,19.7,19.5,93.0,90.0
2013-01-20 06:00:00,CO,DF,BRASILIA,"-15,78944444","-47,92583332",0.0,19.8,19.5,92.0,90.0
2013-01-20 07:00:00,CO,DF,BRASILIA,"-15,78944444","-47,92583332",0.0,19.7,19.6,94.0,92.0
2013-01-20 08:00:00,CO,DF,BRASILIA,"-15,78944444","-47,92583332",0.0,20.2,19.6,94.0,92.0
2013-01-20 09:00:00,CO,DF,BRASILIA,"-15,78944444","-47,92583332",0.0,20.3,19.8,94.0,91.0
2013-01-20 10:00:00,CO,DF,BRASILIA,"-15,78944444","-47,92583332",0.0,19.8,19.6,96.0,94.0
2013-01-20 11:00:00,CO,DF,BRASILIA,"-15,78944444","-47,92583332",0.0,20.2,19.7,96.0,93.0
2013-01-20 12:00:00,CO,DF,BRASILIA,"-15,78944444","-47,92583332",0.0,22.2,20.2,93.0,79.0
2013-01-20 13:00:00,CO,DF,BRASILIA,"-15,78944444","-47,92583332",0.0,22.9,21.6,83.0,76.0
2013-01-20 14:00:00,CO,DF,BRASILIA,"-15,78944444","-47,92583332",0.0,23.9,22.2,79.0,71.0
2013-01-20 15:00:00,CO,DF,BRASILIA,"-15,78944444","-47,92583332",0.0,25.3,23.3,71.0,63.0
2013-01-20 16:00:00,CO,DF,BRASILIA,"-15,78944444","-47,92583332",0.0,26.0,24.3,68.0,62.0
2013-01-20 17:00:00,CO,DF,BRASILIA,"-15,78944444","-47,92583332",0.0,26.1,23.9,73.0,59.0
2013-01-20 18:00:00,CO,DF,BRASILIA,"-15,78944444","-47,92583332",0.2,25.6,24.4,70.0,61.0
2013-01-20 19:00:00,CO,DF,BRASILIA,"-15,78944444","-47,92583332",0.0,25.9,24.8,66.0,61.0
2013-01-20 20:00:00,CO,DF,BRASILIA,"-15,78944444","-47,92583332",10.8,25.1,19.6,96.0,64.0
2013-01-20 21:00:00,CO,DF,BRASILIA,"-15,78944444","-47,92583332",0.2,20.9,19.7,96.0,93.0
2013-01-20 22:00:00,CO,DF,BRASILIA,"-15,78944444","-47,92583332",0.0,20.9,19.1,93.0,87.0
2013-01-20 23:00:00,CO,DF,BRASILIA,"-15,78944444","-47,92583332",0.2,19.2,18.8,94.0,90.0
2013-01-21 00:00:00,CO,DF,BRASILIA,"-15,78944444","-47,92583332",0.0,19.6,19.0,94.0,93.0
2013-01-21 01:00:00,CO,DF,BRASILIA,"-15,78944444","-47,92583332",0.0,19.7,19.5,94.0,93.0
2013-01-21 02:00:00,CO,DF,BRASILIA,"-15,78944444","-47,92583332",0.0,19.6,19.4,94.0,93.0
2013-01-21 03:00:00,CO,DF,BRASILIA,"-15,78944444","-47,92583332",0.0,19.5,19.3,95.0,94.0
2013-01-21 04:00:00,CO,DF,BRASILIA,"-15,78944444","-47,92583332",0.0,19.3,19.1,96.0,95.0
2013-01-21 05:00:00,CO,DF,BRASILIA,"-15,78944444","-47,92583332",0.0,19.1,18.8,96.0,95.0
2013-01-21 06:00:00,CO,DF,BRASILIA,"-15,78944444","-47,92583332",0.0,18.8,18.7,97.0,96.0
2013-01-21 07:00:00,CO,DF,BRASILIA,"-15,78944444","-47,92583332",0.0,18.8,18.7,97.0,96.0
2013-01-21 08:00:00,CO,DF,BRASILIA,"-15,78944444","-47,92583332",0.0,18.9,18.7,96.0,95.0
2013-01-21 09:00:00,CO,DF,BRASILIA,"-15,78944444","-47,92583332",0.0,18.9,18.8,96.0,95.0
2013-01-21 10:00:00,CO,DF,BRASILIA,"-15,78944444","-47,92583332",0.0,19.1,18.8,96.0,95.0
2013-01-21 11:00:00,CO,DF,BRASILIA,"-15,78944444","-47,92583332",0.2,19.2,19.0,96.0,95.0
2013-01-21 12:00:00,CO,DF,BRASILIA,"-15,78944444","-47,92583332",0.0,20.0,19.2,96.0,90.0
2013-01-21 13:00:00,CO,DF,BRASILIA,"-15,78944444","-47,92583332",0.0,20.7,19.9,90.0,86.0
2013-01-21 14:00:00,CO,DF,BRASILIA,"-15,78944444","-47,92583332",0.0,21.5,20.4,88.0,82.0
2013-01-21 15:00:00,CO,DF,BRASILIA,"-15,78944444","-47,92583332",0.0,22.3,20.8,87.0,79.0
2013-01-21 16:00:00,CO,DF,BRASILIA,"-15,78944444","-47,92583332",0.0,22.5,21.3,84.0,77.0
2013-01-21 17:00:00,CO,DF,BRASILIA,"-15,78944444","-47,92583332",0.6,22.6,20.8,88.0,77.0
2013-01-21 18:00:00,CO,DF,BRASILIA,"-15,78944444","-47,92583332",0.0,22.4,21.0,86.0,77.0
